[
  {
    "id": 1,
    "voornaam": "Peter Paul",
    "familienaam": "Rubens",
    "geboorte_gegevens": "Siegen, 1577",
    "overlijden_gegevens": "Antwerpen, 1640",
    "locatie_activiteit": "Antwerpen",
    "biografie": "Rubens begon als page bij Lalaing in het Vlaamse Oudenaarde, studeerde bij drie Vlaamse schilders en stelde daarna achtereenvolgens zijn diensten ter beschikking aan het hof van Mantua, de aartshertogen Albrecht en Isabella van Brussel en Ferdinand, die Isabella opvolgde als landvoogd van de Zuidelijke of Spaanse Nederlanden. Hij trad voor hen ook op als diplomaat. Rubens schilderde veel altaarstukken en had daarbij hulp van een groot atelier in Antwerpen, maar ook verbeeldde hij het levensverhaal van Maria de' Medici in het Palais du Luxembourg in Parijs en dat van de Engelse koning Jacobus I in Whitehall in Londen. Rubens maakte ook werk voor de Spaanse koningen Filips III en Filips IV. Hij had een prachtig huis aan de Wapper, het 'Rubenshuis' en kocht later kasteel 't Steen in Elewijt.",
    "activiteiten": "Schilder, tekenaar, graveur"
  }
]
